,Municipios,1985,1986,1987,1988,1989,1990,1991,1992,1993,1994,1995,1996,1997,1998,1999,2000,2001,2002,2003,2004,2005,2006,2007 (5),2008,2009,2010,2011,2012,2013,2014,2015,2016,2017,2018,2019,2020,2021
0,Comunidad de Madrid,507311387,49434380,600085884,595742107,630185328,651663253,671507006,629931977,364068659,376386483,374622728,372584913,384031247,387464871,406901095,420507027,433988876,442722583,460127592,449919989,487226087,435710166,434034401,437673630,435211076,414864492,422617582,410236234,392317469,392899318,403992502,405974663,416122486,398433932,417271269,405607980,405120226
1,Municipio de Madrid,415957219,0,450044034,474347134,501043504,507734296,520789060,482891936,226794579,229282880,223937501,220780918,226920570,227939860,236583296,240940938,243679367,246632800,253284264,246643832,261061411,232408297,226948513,231964118,224708534,211036865,215665633,207604289,198931286,197544547,201539383,203672914,205140270,198312357,205244545,195491700,194126030
2,Norte Metropolitano,6162086,337176,13902672,14389951,15775215,16691439,20252511,19291633,17709168,17771787,18422051,19360791,19599508,19797665,20946065,21477522,22151996,22927088,24064223,23588079,25647632,22720089,23127094,23278650,23050169,23840366,23552041,23117463,22641786,22911044,23492219,23364133,24470631,23228403,24463331,23641597,23722020
3,Este Metropolitano,18766279,12434259,21707693,19710149,21273148,23615170,23622827,23192056,21041411,22483575,21804562,22455917,23240637,22783346,24152889,24576499,25936921,27032446,28369381,28785355,31664078,27995769,28762107,28430186,29779962,26851350,29280268,29349570,27643920,27832718,28647666,28333923,29762411,28107575,29509459,29544506,29769719
4,Sur Metropolitano,47854933,31853942,83749363,57966713,58475030,64859319,64733319,66564291,60929088,63199717,63100251,63556563,66318360,68899641,72260520,73768992,77851128,79987790,81735095,81115314,86718726,80257552,81463504,81342721,77830940,78597004,77710154,72762831,71837082,71778820,73245961,74609026,75822643,73499616,76523517,76242429,75680993
5,Oeste Metropolitano,7825121,1232540,17896753,18122611,21417643,23547486,25310831,23006127,22055228,25047461,25893963,25977027,26583321,27600721,29938915,32248443,35184710,35839469,38779295,37620583,43154546,36543565,37353761,36404499,40743213,38565938,37504517,38990211,36642096,37061842,39313868,38803013,40784583,37812529,41213589,39780655,40828494
6,Sierra Norte,1878055,1565004,1664688,1512774,1484144,1733273,1437573,1661157,1734520,2040195,2193239,2166708,2467901,2285876,2820482,2866961,3012641,3292247,3256970,1633072,3248761,2834186,2959447,3019114,2982848,2905289,3233447,2934979,2643977,2650222,2782397,2613964,2828514,2630210,2940565,3042663,3043892
7,Nordeste Comunidad,410181,462562,311732,323408,314206,330740,1180594,942599,1102459,1419602,1315425,1491020,1626329,1669618,1894808,2157355,2457673,2837386,3207096,3351571,3765111,3397138,3601125,3585765,3860718,3613609,3620191,3789751,3377734,3590067,3779277,3802306,3994038,3909229,4162915,4291369,4202338
8,Sudeste Comunidad,738512,716574,635385,795351,824940,957545,958538,1058678,1641333,1576754,1629205,1612398,2380569,1741724,1769681,4470855,5877631,6172667,6562076,6698920,7621092,6931945,6973989,6939860,7664638,6374196,7109455,7373572,6608779,6960537,6971814,6904530,7276084,6844147,7016613,7340624,7406317
9,Sudoeste Comunidad,0,84297,127082,130547,151716,366227,1297263,1122610,1241923,1503600,2082557,2224447,2123997,1680357,1800939,2339338,2587712,2956645,3389981,3641843,4655770,5487645,6474680,6588336,6675632,6624268,7791056,7083944,6916495,7272185,7903706,8117242,8507420,8247293,8934878,9029075,9127642
10,Sierra Sur,255820,743413,1308320,1466008,1014807,1127950,1372372,1566024,1485022,1948991,2297858,2371196,2336784,2287744,2454938,2704481,2002996,2033896,2186513,2066562,2327950,2130930,2146402,2209487,2435313,2242010,2420911,2476094,2141929,2060800,2277737,2334030,3175837,3010250,3277872,3297500,3348030
11,Sierra Central,7463181,4613,8738162,6977461,8410975,10699808,10552118,8634866,8333928,10111921,11946116,10587928,10433271,10778319,12278562,12955643,13246101,13010149,15292698,14774858,17361010,15003050,14223779,13910894,15479109,14213597,14729909,14753530,12932385,13236536,14038474,13419582,14360055,12832323,13983985,13905862,13864751
12,Acebeda (La),0,0,0,0,0,0,0,0,2912,3826,4451,4588,4427,0,0,0,4638,5590,8569,5209,6501,6149,6051,6690,6887,5613,7112,5823,5845,6565,6748,6548,7944,5290,5925,5811,6313
13,Ajalvir,0,0,0,0,0,0,0,0,0,0,0,0,0,0,0,0,0,0,120068,451136,463169,442134,470749,468754,481992,411830,384248,376766,145344,316757,323828,339659,337308,355334,376448,351519,360910
14,Alamo (El),0,0,0,0,0,0,0,0,0,0,0,0,0,0,0,0,0,0,0,0,0,0,240,0,316255,465332,560418,463273,463196,510716,520453,538308,570407,552833,584477,588033,582147
15,Alcobendas,3155271,0,8550423,8414080,9237603,9783568,9691490,9015587,7442079,7952173,7883979,8007117,8099931,8245818,8863301,8995512,9144422,9445473,9798089,9462149,10392580,8949969,8885857,8523000,8890796,8642428,8206576,8644038,8179890,8340895,8429369,8363872,8776128,8307282,8777951,8382834,8357340
16,Alcorcón,8638897,0,8212864,8160624,9099464,9010848,8765676,8429781,7922594,8453056,8635408,8481610,8789931,9220672,9485969,9588511,10203026,10292359,10636451,10398379,11043094,9547224,9422941,9056002,8728468,8484086,10359785,8974912,9046647,9064000,9222670,9502592,9705335,9273089,9547043,9425606,9322571
17,Aldea del Fresno (2),0,0,0,0,0,0,0,0,0,0,0,0,0,0,0,0,0,0,0,0,0,0,0,0,0,0,0,0,77,75,273,563,103,9,1984,1481,1659
18,Algete,19630,29691,1686,0,0,0,0,434736,518446,528237,578743,753594,706980,653026,691863,720161,768304,839672,930595,925922,1113021,1071276,1115431,1099919,1074083,1221200,1052715,1057895,1029864,1075585,1133631,1111150,1136381,1085733,1117796,1126248,1132623
19,Alpedrete,823261,4613,939830,795875,927084,1422441,737580,743247,728470,762625,824446,816526,769949,856117,948699,1004431,1084238,1116639,1179268,1204719,1381264,1168844,1189646,1107869,1304263,1113881,1117093,1217348,1054071,1054716,1137508,1135042,1113600,1053706,1167026,1128640,1102347
20,Ambite,0,0,0,0,0,0,0,0,0,0,0,0,0,0,0,0,0,0,0,0,0,7331,30649,19839,74849,69349,65670,68753,61607,65110,71099,78708,73867,60969,64612,68433,67098
21,Anchuelo,0,0,0,0,33065,46186,37243,31358,29160,27095,34429,35232,706980,36808,38601,43811,40706,40720,44249,37819,60259,51265,53179,56049,59788,54469,56928,62578,56314,59802,60652,60772,60128,57999,63198,63723,62904
22,Aranjuez,0,0,2302086,2407652,2032349,2508832,2390046,2564566,2755650,2600028,2681627,2624935,2692186,2700961,2904080,2950313,3089440,3241862,3377723,3410756,4003057,3730782,3671566,3729210,4023534,3365234,3551077,3886492,3403607,3472136,3525810,3664614,3648212,3463096,3675005,3807628,3685070
23,Arganda del Rey,1522275,1314026,2277360,3336135,1504178,2519114,2439867,2566838,2363772,2339855,2274598,2338952,2295621,2339421,2504403,2651934,2682517,2808958,2911539,2976580,3432546,3100854,3200308,3592108,3080492,2959206,3463124,2975275,3008915,3021152,3311028,3262994,3414758,3272242,3385598,3460243,3375717
24,Arroyomolinos,0,0,0,0,0,0,0,0,0,0,0,0,0,0,0,0,0,0,103951,256239,542256,1022088,1215036,1513629,1470602,1513685,1902337,1752547,1811908,1920315,2058281,2078751,2175794,2089035,2387214,2366097,2361677
25,Atazar (El),0,0,0,0,0,0,14212,7730,4605,4575,7601,7448,3515,5087,11137,12356,24159,23844,28102,35135,31633,9150,8636,10410,8746,13410,11028,12974,9616,9250,11018,9091,9650,8217,7517,7035,7514
26,Batres,0,0,0,0,0,0,20986,39,19,288,2796,12924,24472,20642,32964,35890,41376,45066,57344,51670,64083,209175,54088,58827,57336,48506,48485,52965,45067,131157,192217,135819,140784,132845,144894,144733,149147
27,Becerril de la Sierra,279899,0,308953,227245,300326,400996,538740,380285,330328,658090,1014523,569816,667462,663714,730685,768067,858643,933154,915766,682525,1076041,749691,468188,598691,999795,794431,781030,812953,765611,874608,846462,885289,863727,815124,968143,913332,1014323
28,Belmonte de Tajo,0,0,0,0,0,0,0,0,0,0,0,0,0,0,0,0,39699,68070,69026,67606,76063,64110,66778,76102,66024,65862,73706,76319,68066,62477,70181,73638,76582,80499,86344,94641,99630
29,Berrueco (El),49448,49984,47565,76782,84001,93703,0,0,35759,37346,33276,38421,47790,38656,39540,40029,45052,49083,48338,48365,51074,54686,50671,51962,49119,45891,48394,44915,42930,44313,52755,54104,55889,51057,52262,55623,62105
30,Berzosa del Lozoya,3807,5314,6148,4265,9602,13077,1133,7413,6914,6823,8012,7645,7003,8739,9212,9689,9759,10213,11051,11705,13181,13267,13138,13931,15031,16387,15964,17647,14590,14362,16122,15300,14742,13037,15829,17524,18085
31,Boadilla del Monte,73990,33729,82493,49321,66155,93486,774595,423432,466921,489693,449049,627659,607512,755563,1155783,1661202,2010077,2013061,2608804,2235378,3878750,2833099,2964487,2788080,3583688,3017235,3077017,3629514,3034838,3071580,3356043,3415507,3576032,3405210,3960995,3996243,4690429
32,Boalo (El),546868,0,540288,541973,759928,775222,779411,582863,637249,608254,766268,668816,617284,607394,769035,485028,653587,647891,753198,694495,812077,759462,723857,760867,761090,687084,790236,756172,656782,657556,719984,709732,774039,685199,783140,790964,783849
33,Braojos,0,0,0,0,0,0,0,0,0,0,0,0,0,0,0,0,0,0,0,0,0,0,30383,58281,14893,16347,14837,14536,14875,14781,15608,16094,15636,14949,17219,18690,19916
34,Brea de Tajo,0,0,0,0,0,0,0,0,0,0,0,0,0,0,0,29108,35933,29578,31474,29062,34113,31604,43850,53001,57171,57650,52959,58492,50440,37470,47634,43476,50669,43897,46418,62022,62309
35,Brunete,0,0,0,0,0,0,289086,284755,270753,324769,326402,336019,328752,347299,387922,469667,515451,567331,657451,634827,750473,625023,666415,638979,709764,628908,715468,623437,588894,600470,615715,607890,646916,621550,673281,682815,668227
36,Buitrago del Lozoya,313953,191117,366630,151168,184338,197470,201666,199900,189690,206888,204126,212878,205921,202006,201259,211161,211290,172888,119349,46837,59190,43452,47783,46081,150185,156213,186706,152925,146274,145797,155855,164241,164316,162963,185033,175059,162435
37,Bustarviejo,0,0,0,0,1904,0,0,0,0,0,0,0,0,0,0,0,105697,129037,138981,131284,148394,131972,135178,143969,142934,147974,165207,152722,139942,151561,156559,167613,171952,177715,177045,194610,195170
38,Cabanillas de la Sierra,33680,57430,57656,18167,23329,30289,47500,78593,75868,91814,91957,103273,85397,86254,87164,86653,90531,92505,99071,91961,114541,89289,93540,100595,99504,87077,98533,99122,98685,89628,92669,91996,96844,86116,99008,106468,95501
39,Cabrera (La),68404,0,86177,84641,114710,130746,150065,150125,152173,153409,168226,160832,173714,160560,177416,194300,193883,198302,221986,215980,218849,206158,206187,215831,189124,181546,195536,173875,156952,155977,164694,163381,173319,167583,199174,192807,194309
40,Cadalso de los Vidrios,0,0,0,0,0,5682,21127,309199,362129,253864,206531,212409,212261,220037,225442,227806,233113,239966,261143,238236,277645,224162,247529,245489,267191,242176,252646,250921,236809,229160,240219,235933,240663,225514,237495,249715,247219
41,Camarma de Esteruelas,0,0,0,0,0,0,0,0,0,214194,107735,141457,125989,131569,129187,200571,229234,284849,341833,359970,413955,380414,385383,370783,432200,353378,372489,441802,425626,408295,419950,414850,442582,455397,493575,522628,491096
42,Campo Real,0,0,0,0,0,0,0,0,159378,184123,178301,181382,185183,193081,211710,231336,258579,269466,312036,315644,389067,359680,374405,363791,412132,358000,374506,417727,365220,364006,384754,408029,406272,402962,412029,431825,422574
43,Canencia,0,0,0,0,0,0,0,0,0,0,60501,13664,0,0,0,0,0,243891,3,-207466,36331,35163,32117,26425,30964,34418,31365,29984,27199,27305,30066,34190,39113,34054,34078,34870,36909
44,Carabaña,0,0,0,0,0,0,0,0,0,0,0,0,0,0,0,123675,138757,146713,153749,158077,160013,148535,157038,164253,182778,147861,159458,175758,148507,151758,157617,151586,161920,154923,163588,174285,162082
45,Casarrubuelos,0,0,0,0,0,0,0,0,0,0,7693,36754,35393,36174,36423,45759,59796,79485,116612,138585,170466,184331,196700,204534,213805,200980,231051,194130,190790,193356,198841,207660,213271,204830,214477,231378,227805
46,Cenicientos,0,0,0,0,116136,117983,109299,117396,109273,115950,122437,126810,121295,120021,122616,120358,124132,124192,130308,128467,149344,120320,131362,147897,125500,129922,139853,120467,121009,116566,123275,115438,123795,120147,113100,139606,137917
47,Cercedilla,245540,0,157468,0,313692,363182,400368,5694,42793,177103,405647,63737,62615,210036,233752,369017,471322,299225,450787,286007,659455,543422,773015,350251,770588,575663,464499,623592,250569,292572,395833,349048,608245,154710,319931,153053,234383
48,Cervera de Buitrago,1469,956,6200,5867,8963,12814,40538,19616,27558,13274,11357,12348,25492,20366,20767,11200,23453,20783,21716,21805,25988,19135,23549,-14344,14259,13970,17247,14812,13999,17666,15017,16407,16082,15207,14424,14878,16747
49,Chapinería,23330,0,26670,37666,42628,38143,63747,30814,36260,34811,90885,68832,266569,193541,212599,194548,196541,203582,231416,219115,233198,206989,203754,224662,229072,195379,216762,206702,187336,178738,199499,190446,196568,184127,209603,203572,200061
50,Chinchón,0,0,0,0,0,0,0,0,0,0,0,0,0,0,0,0,301096,253934,335341,323406,376069,338284,325731,319731,349276,281489,298907,335747,286455,270094,298624,290794,301257,285550,298009,311378,307549
51,Ciempozuelos,0,1477321,1610105,1721125,963504,1808209,1062717,1129290,894482,939343,945055,954532,899400,1029222,1228797,1295122,1497497,1523442,1839581,1761982,1970655,1908440,2009025,2034376,2196991,1937279,1828584,1944438,1760420,1748203,1771945,1867725,1871432,1843589,2012855,1878031,1852917
52,Cobeña,0,0,0,0,0,0,0,0,120508,141511,165318,194084,206091,239858,265847,296040,312607,323720,334082,333604,358959,388825,432044,425833,508316,441553,449826,508491,459634,436520,473889,471000,497336,474130,495864,497091,468542
53,Collado Mediano,527688,0,618693,488913,631121,628428,645275,504704,474426,636081,616236,611252,612489,601141,638144,684555,727125,702206,762512,710556,856163,725709,726779,747820,727249,770206,697311,719473,629980,661079,666456,678284,704788,627010,697957,678832,668024
54,Collado Villalba,1892321,0,2371328,2470360,2848144,3191816,3152891,3127028,3029512,3464292,3587144,3469830,3661926,3772232,3837858,4103533,4263319,4201469,4342524,4252808,4572227,4089063,4189164,4081048,4522249,4514149,3995319,3994548,3900012,3921004,4058519,4023316,4256828,3989402,4214523,4150538,4203925
55,Colmenar Viejo,0,0,2056483,2579392,2821390,3005280,5878509,2652980,2722776,2625772,2735755,2954595,2877588,2799194,2906252,2989585,3135214,3271509,3480695,3388569,3254801,2979068,2975945,3247702,2942084,2879785,3506442,2929421,3010013,3019141,3051074,3102787,3269012,3105652,3350119,3323007,3395446
56,Colmenar de Oreja,0,0,0,0,0,0,0,0,0,0,0,0,0,0,0,0,87281,292848,307312,308663,335699,288811,280799,275441,308215,255811,257019,303528,268588,258034,265594,266244,278736,265907,266331,285802,283169
57,Colmenar del Arroyo,30224,0,54092,52818,70990,65936,103327,52498,55623,52007,170851,126173,137635,149866,162280,169779,167705,171886,184725,174191,178991,162245,175929,188610,183293,160133,185582,168245,156050,154845,158270,162055,181537,173300,200738,209092,208346
58,Colmenarejo,308745,0,340919,348528,406864,451228,501270,501865,408154,551480,590419,608184,644810,589777,566459,672746,668963,720981,997058,944396,698736,652205,675111,718324,683666,616975,705948,639209,620056,605704,642761,635360,670904,613861,673967,681648,673271
59,Corpa,0,0,0,0,0,0,0,0,0,49197,24667,26015,25302,24444,25608,26604,26742,26888,32433,30617,34578,30804,33297,33994,41595,31521,45018,42043,36567,37320,37567,43279,43512,42540,42798,46332,46869
60,Coslada,4553030,0,5316843,5500311,5934292,6079393,6120068,5496045,5032079,5339394,5409434,5311071,5377938,5530702,5793945,5831410,5850192,6040065,5956625,6154342,6014179,5616957,5550478,5289682,5047271,4732211,5509191,4562098,4878544,4618867,4735166,4674125,4718668,4523691,4525370,4562960,4353926
61,Cubas de la Sagra,0,0,0,0,0,0,0,0,0,0,0,0,0,0,0,0,0,0,0,84512,293737,293789,320596,332940,358652,332933,400832,358732,346349,359363,416385,390292,401151,382176,413101,416366,416036
62,Daganzo de Arriba,0,0,0,0,0,0,0,0,63925,119735,142755,161804,181641,221371,272051,309841,369603,448431,511427,545616,641092,578924,650808,640207,734899,639815,625461,699913,548464,633304,662722,689826,713952,700942,732069,709231,689416
63,Escorial (El),1061258,0,1264353,1249328,1424678,1487440,1449495,1450349,1510569,1577309,1986592,1604063,1392802,1383187,1486252,1245943,1447406,1473442,1554744,1533298,1669242,1505097,1508615,1403584,1486474,1390554,1521856,1423693,1317839,1284489,1361112,1352340,1414464,1300361,1502221,1425834,1400771
64,Estremera,0,0,0,0,0,0,0,0,0,0,0,0,0,0,0,66055,55798,56688,60481,62624,63981,60568,68488,67262,140420,149885,224029,256199,233989,221863,202646,187863,181352,179120,200221,179337,202664
65,Fresnedillas de la Oliva,132700,0,110385,117070,146100,132720,159929,159277,139704,139627,143903,96853,87373,89204,97635,101122,90392,101543,112117,112808,105996,104843,111714,111789,124153,102330,116386,131490,107863,109420,115255,117384,118697,106817,117431,132722,126180
66,Fresno de Torote,0,0,0,0,0,0,0,0,0,0,0,0,0,0,0,22477,27575,34207,53323,59270,86741,81716,95087,87484,103784,94367,91265,98665,75622,78644,83633,92389,95263,97542,93017,96616,101163
67,Fuenlabrada,4770121,5250359,11068577,7297719,9078530,9366396,10062950,11256040,10637851,10706818,10768436,11079803,12327252,13826045,14766284,14444264,15233468,15963794,15656023,15484075,15844326,16606317,16520855,15433326,15103879,14238346,13224115,10919058,10940928,10654047,10592212,10828518,10855109,10374894,10738583,10775347,10424251
68,Fuente el Saz de Jarama,0,0,0,0,0,0,0,157061,174167,185114,188465,189327,252379,205536,255538,285693,352519,373740,409876,411059,444963,380195,394087,380808,363579,422251,375356,357107,364266,364525,377885,368898,378429,380366,390931,406404,419560
69,Fuentidueña de Tajo,0,0,0,0,0,0,0,0,0,0,0,0,0,0,0,96231,98659,103539,116804,111521,136379,132101,125315,145350,132684,110126,117651,122973,115087,110878,108483,107382,115788,114270,175341,173021,179983
70,Galapagar,1263372,0,1691159,1277475,1895447,1649121,1875939,1091274,1702580,2123625,2292919,2407185,2430531,2592152,2779941,2883785,3028509,3083021,3307739,3068180,3559171,3016738,3099879,3224090,3143530,3051532,2936084,2809981,2675478,2669885,2749510,2707351,2810900,2579219,2927613,2811812,2783600
71,Garganta de los Montes,8103,21782,5456,12693,6386,20518,32675,45283,51993,55386,71285,55530,57356,52868,58441,63117,55734,51862,56342,59056,52436,53674,59323,59769,65882,66318,84743,43085,60030,39608,36871,39654,41076,39936,42136,47324,53019
72,Gargantilla del Lozoya y Pinilla de Buitrago,182095,122180,104069,57915,52876,58236,45116,54583,59083,73982,78931,65039,67208,68547,72149,75033,77817,74178,78944,75612,81932,71134,70497,67683,79191,75989,76245,74352,70170,71949,75664,75650,79707,74332,93156,90376,94112
73,Gascones,29466,33547,38457,58306,44906,49146,63966,73809,68934,76673,67620,79548,77047,122938,102269,103683,134296,121527,119287,-891306,25518,19494,20162,16966,18481,17830,17571,15555,14614,15977,14544,15615,16734,14526,19570,17384,18442
74,Getafe,8289123,8471997,9907121,10059953,10876063,11113903,11180794,10845464,9830464,10120515,10209173,10074405,10280930,10565262,10875717,11177602,11667694,11623028,11619192,11365316,11728962,10700703,10910585,10891658,10408592,11774543,10392363,10388081,10421130,10564858,11087402,11231627,11605580,11304694,11845669,11560238,12028407
75,Griñón,0,0,31924,5091,0,2613,1278,0,38,0,0,0,0,91850,0,72734,486701,662271,758466,752546,810872,801250,823409,760828,790614,725026,829792,736490,697274,711665,744177,772276,791937,800422,840183,813616,849557
76,Guadalix de la Sierra,26292,16991,6042,364,4283,391,27514,100553,52336,82387,113143,136622,342732,250360,529903,461487,491403,524318,614230,559300,538963,449535,527764,481183,477860,473955,586355,515339,384624,383517,398451,397593,420345,383172,423246,442799,438504
77,Guadarrama,1175686,0,1500171,759563,1015244,1349641,1303205,1140376,974721,1257156,1286037,1207076,1200216,1317567,1915384,2092857,2059085,1807124,2139695,2282387,2740053,2203090,2151179,1993180,1900829,1438446,1589269,1639967,1547745,1520719,1627423,1261988,1511284,1352750,1153732,1454572,1493801
78,Hiruela (La),0,0,0,0,0,0,0,0,822,2513,2678,2293,2269,0,0,0,0,691,2700,4250,2445,2475,2763,3568,2993,2654,3137,2637,2483,2678,2998,3387,2842,2924,2518,4053,4140
79,Horcajo de la Sierra-Aoslos,0,0,0,0,0,0,9365,0,8131,11520,16781,21771,19676,9201,23309,22536,25439,22343,21468,23340,27152,20874,23419,22250,20835,19700,19074,19118,15440,15745,18082,17795,17598,17657,17882,18607,18408
80,Horcajuelo de la Sierra,0,0,0,0,0,0,0,0,478,6543,7638,7640,7809,0,0,0,0,0,0,7126,8101,7357,8267,8196,6893,7128,8181,6997,6893,7277,8560,8347,8368,7873,7770,9109,9293
81,Hoyo de Manzanares,1011957,0,1210550,1263594,1190673,1172365,1107878,1267961,841914,979638,983790,980263,917196,1002658,1005736,1034258,1009922,991068,1097136,1089861,1014695,975660,929762,909369,1037664,945539,918139,741328,721526,683541,784617,789419,838439,744207,861259,844979,847801
82,Humanes de Madrid,0,0,0,0,0,0,0,0,0,0,0,0,0,0,0,596296,683729,778722,877031,925511,1025106,1077203,1213790,1323856,1138360,1050070,1073909,1248357,1052083,1158046,1185974,1150080,1157520,1110448,1148674,1142702,1157911
83,Leganés,8521876,0,9463683,9635798,10540569,11059551,11094029,10974806,10183048,10507129,10213215,10284234,10506906,10871590,11163864,11271905,11596022,11404579,11491026,11277333,11884333,10714772,10899604,10654664,10181025,11642885,9944833,9494619,9955868,9740961,9924725,10044099,10118595,9886729,10281929,10268262,10180064
84,Loeches,96276,113179,150856,229595,191401,178850,197031,259574,396332,249345,347519,230701,273260,285172,310098,354586,402562,443766,472756,453168,533933,569138,562876,549837,583595,555619,588674,645034,546589,534520,560023,561053,615678,594161,658992,675805,722070
85,Lozoya,2175,0,2783,2251,1993,1268,3550,3498,34855,63615,69121,85412,79861,84600,85533,96777,84077,73204,84375,81548,81316,79196,81984,65137,86871,56972,65560,60110,54213,47166,53970,54255,63508,55705,60518,61188,66847
86,Lozoyuela-Navas-Sieteiglesias,105163,119440,169934,147614,142224,158391,101567,76645,82035,84069,94490,83703,80199,82646,84419,86726,79907,86057,94284,100277,119132,99037,93957,102497,109222,91335,108759,95907,99728,92189,97915,105050,108362,112282,114297,119186,120891
87,Madarcos,7290,12120,10853,13735,11318,11189,16488,15045,829,3783,3843,3934,2815,3662,4131,4448,4450,5260,5080,5834,4893,4483,3924,4310,4252,4373,4702,4513,5566,3680,3895,3701,3927,3667,4211,4719,4733
88,Madrid,415957219,0,450044034,474347134,501043504,507734296,520789060,482891936,226794579,229282880,223937501,220780918,226920570,227939860,236583296,240940938,243679367,246632800,253284264,246643832,261061411,232408297,226948513,231964118,224708534,211036865,215665633,207604289,198931286,197544547,201539383,203672914,205140270,198312357,205244545,195491700,194126030
89,Majadahonda,265609,0,2961668,3051627,3408448,3572486,3675193,3497397,3343970,3636254,3755499,3779397,3872175,3972359,4405296,4622467,4933145,5135532,5438695,5451829,5845621,5022261,5131403,5115811,5450188,5942649,5442680,5473095,5397120,5384941,5732827,5704361,5841691,5491449,5868844,5556823,5605409
90,Manzanares el Real,0,0,145999,242740,103312,572067,712241,571169,559200,721791,656081,639374,615324,603038,632942,662819,661502,670371,1106811,884564,902419,742852,708807,752582,750526,685503,782629,734948,717582,716140,759291,740970,766563,709395,792087,786673,771072
91,Meco,0,0,0,0,0,0,0,0,0,0,148527,301183,328795,349947,431179,498721,603702,710526,824650,888468,939812,866389,876991,885613,940088,734496,892311,950835,820607,868391,927426,911399,972148,925418,965999,1031281,1010886
92,Mejorada del Campo,990677,420433,1081807,1309401,1080704,1172593,1209636,1214276,1275446,1402416,1373001,1357136,1432048,1397811,1415849,1493086,1565904,1651061,1801114,1796189,1971819,1757063,1848096,1719993,1863852,1652578,1700358,1876161,1633445,1589526,1646079,1571522,1640732,1586453,1601501,1626580,1645177
93,Miraflores de la Sierra,0,0,0,0,0,0,0,0,0,0,0,0,0,0,0,0,0,0,0,0,0,562091,45,0,0,569353,614469,578767,483681,492488,508141,538873,542407,494504,573878,605372,582966
94,Molar (El),346280,350140,168909,183674,175334,174029,986523,523902,564617,500298,316987,302581,289252,307854,312367,329038,336324,371735,418698,425534,455256,414601,454607,449010,463857,531860,456159,401379,354170,422160,445249,446445,487578,462665,504103,511806,494738
95,Molinos (Los),291290,0,258332,184304,289808,341365,385009,357025,325507,388739,395406,391294,407848,416607,411365,468619,472617,522921,630053,611395,725788,572196,597465,544972,646556,548631,550873,599998,496357,500585,531573,519524,559342,495818,555594,541017,536921
96,Montejo de la Sierra,0,0,0,0,0,0,182,3326,19582,16559,18183,19744,19069,0,0,0,0,0,0,0,0,27629,30180,32481,32168,35911,33323,31263,32344,30588,31723,28766,27736,27235,30906,34357,33904
97,Moraleja de Enmedio,0,0,0,0,0,0,0,0,0,0,0,0,0,0,0,256249,290436,290139,320708,341920,348660,336232,354740,331657,333250,306926,370458,315233,321373,313488,330675,339262,346248,328681,360605,347768,386351
98,Moralzarzal,615918,0,855573,561744,346595,536517,616573,469008,433266,452600,529848,549347,532935,567039,629013,708452,788153,841651,924907,934782,1111994,928899,976396,1042899,1036425,940298,1105551,993647,907100,901794,931310,943438,988916,934447,1028705,1022837,1027747
99,Morata de Tajuña,0,0,0,0,0,0,0,0,0,0,0,0,0,0,0,376239,431689,443484,466676,450345,527802,487179,481104,512855,422799,410322,416582,367756,371760,368384,369540,386487,401157,380316,411786,422436,405156
100,Móstoles,12329501,11257039,11958920,12432793,9227236,12438340,12720690,13030283,11193210,11980511,11601932,11977755,12562376,11977024,12649445,12780815,12975275,13126009,13351828,13111857,14213606,12154224,12260196,13554015,11026636,10629112,12566154,10649064,10823266,10742381,11025206,11305745,11419638,10969997,11329426,11403266,10985257
101,Navacerrada,292710,0,321302,253922,258444,481145,444250,187190,268226,317031,334131,244258,193434,205962,213211,233253,208947,171372,177900,257261,362814,385568,360750,372993,353627,332203,377351,332581,322073,329924,364711,349922,366248,334011,371785,377735,360772
102,Navalafuente,0,0,0,7583,48546,72915,120045,54101,85567,96558,97123,91424,91233,90700,106784,110170,120004,136925,140120,124593,167116,126531,129812,132920,135223,117150,138506,127180,124884,146360,135855,138155,150252,144898,184690,186451,204181
103,Navalagamella,69566,0,58533,94344,81838,147907,126380,105992,106173,121963,118175,125307,125128,125787,147191,143623,145294,151041,161226,163716,165181,154238,152511,151812,167734,157035,169315,159457,149427,149199,152301,152535,162165,151355,174392,194030,187606
104,Navalcarnero,0,0,1132,732,1499,214266,658416,704388,797279,1000073,1502338,1575666,1423516,824796,889488,948811,1053739,1161907,1199710,1189189,1421152,1243019,1878106,1580723,1459972,1444956,1682530,1444957,1485567,1487388,1547324,1560511,1647266,1631020,1698794,1762707,1814884
105,Navarredonda y San Mamés,0,0,0,0,0,0,0,0,3847,5534,5268,6243,5126,0,0,0,4746,7854,22067,30809,28320,26044,34232,27778,30474,29885,29706,27782,25404,24871,26671,25804,23021,21420,25724,27493,24200
106,Navas del Rey,0,0,0,0,0,0,0,0,0,0,0,0,0,0,0,171622,172886,175982,192324,194022,210018,173146,184855,184071,203938,173703,192639,177601,171928,169932,171743,173380,187314,170774,186931,197154,194403
107,Nuevo Baztán,0,0,0,0,0,0,0,0,0,0,0,0,0,0,0,647879,1049312,1050119,1011882,1267741,1352293,1161028,1125279,1002315,1158348,856728,999227,933624,800456,1205574,1002502,877445,1033367,863830,715166,742359,816707
108,Olmeda de las Fuentes,0,0,0,0,0,0,0,0,0,0,0,0,0,0,0,0,0,0,0,0,0,0,0,0,0,17525,20972,22947,20292,20280,22414,23983,24724,23519,25229,27829,26842
109,Orusco de Tajuña,0,0,0,0,0,0,0,0,0,0,0,0,0,0,0,69650,72378,79278,91845,82206,100647,83070,87047,88214,99824,83494,88827,95722,84822,83522,84876,88783,92549,87934,93944,93337,90741
110,Paracuellos de Jarama,125006,0,26950,53972,55258,57240,165867,354271,314194,393494,406433,422997,435807,445138,466534,492694,510960,686045,757319,1042283,964843,937811,1097924,1197284,1507490,1374628,1536169,1711956,1591360,1676236,1758269,1810867,1929590,1800792,1926667,1981101,1948289
111,Parla,4440029,3725197,26275848,3380053,3489837,3873538,3925072,4650810,3921764,3990922,4024605,4003416,4130132,4205040,4316076,4463291,4546083,4759768,4963575,5151148,5685518,5313090,5761296,5944227,6159113,6557527,6159224,6387667,6217913,6212388,6268581,6331871,6414739,6350260,6522506,6552760,6509478
112,Patones,33737,74757,74714,140509,131084,0,58073,20607,20766,36370,28522,28308,29623,28871,31878,28207,30327,30391,31730,32168,45218,38086,37770,41540,36477,34875,42378,38194,36969,39081,39593,39118,38741,38314,39762,40515,43098
113,Perales de Tajuña,0,0,0,0,0,0,0,0,0,0,0,0,0,0,0,0,151256,155833,166432,151060,180293,151033,159029,168418,149194,140691,162178,141120,147274,147207,152250,145728,149472,149463,152140,159363,156954
114,Pezuela de las Torres,0,0,0,0,0,0,0,0,0,72968,65590,65681,63960,62343,63032,64985,64816,68640,74362,72463,77471,72395,67807,64874,71542,62020,63624,69385,57319,58905,57858,63194,64837,60349,66140,71899,71451
115,Pinilla del Valle,0,0,0,0,0,0,0,0,536,951,13283,21053,16393,0,15487,15042,16215,16418,20100,16684,20407,19219,18783,17095,23113,20900,20149,18428,17423,15946,16508,17083,16867,15895,19801,21209,21394
116,Pinto,865386,0,1446007,1500305,1841694,1961477,1979584,2070921,1966347,2008554,2068693,2059746,2160956,2201549,2451959,2677399,2794756,2923507,3206981,3229287,3680497,3200622,3247978,3090876,3321038,2932521,3104126,3421864,3088718,3099387,3119685,3093343,3179718,3180075,3327571,3280293,3310396
117,Piñuécar-Gandullas,97603,66528,48722,90578,48568,87005,0,107,20810,20036,22808,23435,20764,23352,23813,25284,28028,30924,33235,33162,34722,32220,27672,29300,24533,20223,21877,17279,13387,20804,17339,17279,15907,16886,17631,17826,18833
118,Pozuelo de Alarcón,0,0,5032665,4832882,5861668,6491723,6632729,6073592,5514158,6200641,6292395,6277759,6389337,6245915,6626553,6959115,7165370,7226350,7687356,7444370,8447033,7028532,7122768,6864411,8175512,6808618,7153933,8272345,7310492,7528117,7803129,7743766,8194789,7445478,8046409,7686327,7880578
119,Pozuelo del Rey,0,0,2139,31495,9868,25991,21655,27629,22759,15647,15981,20992,13474,15536,16337,15998,17804,17769,19740,22881,25931,23343,30207,49656,64893,56334,60401,67157,62051,60481,62869,64724,65113,63554,67039,72512,66771
120,Prádena del Rincón,0,0,0,0,0,0,0,0,0,0,1017,1623,7,0,0,0,0,0,0,0,9542,15232,13786,12631,15020,15344,14331,15330,14217,12761,11481,13241,13267,11983,14301,15384,16166
121,Puebla de la Sierra,0,0,0,0,0,0,0,0,3127,4304,5251,5381,5888,0,0,0,0,0,0,6232,6104,6424,6859,7108,8288,5818,7194,10221,8135,5189,4802,4409,5462,5178,5151,6017,7120
122,Puentes Viejas,85281,47326,75129,81814,0,93107,51775,66477,53807,66090,65782,68332,74599,108805,87732,116027,100234,86931,81896,-156647,62606,53578,53958,52135,57341,56099,48135,50774,45675,47175,55513,56807,59368,53474,60091,61089,63306
123,Quijorna,0,0,0,0,0,0,99294,90731,76296,88758,88326,92904,89359,95519,104188,105463,112552,123128,167569,168920,214401,191275,218768,223708,254221,214193,235724,261414,217991,215713,229933,233122,239304,236177,250967,270691,255050
124,Rascafría,0,0,0,0,0,0,0,0,0,0,0,0,0,0,0,0,0,0,0,0,0,0,0,0,0,0,0,0,0,0,0,0,0,0,0,0,0
125,Redueña,30257,26109,23876,19779,23225,22265,0,16622,16782,20305,20260,16722,16094,16912,19064,17662,20887,24700,22700,19498,22803,19031,19395,20176,17745,20893,16303,18878,19754,20050,18932,19609,18713,16799,20587,20593,21592
126,Ribatejada,0,0,0,0,0,0,0,0,34578,70319,63432,60387,55370,57477,60338,59782,60386,59874,58458,52315,58138,49435,49619,49034,55378,46897,51355,55455,46650,47595,48817,49392,53981,46706,53983,52966,53509
127,Rivas-Vaciamadrid,434136,33549,765939,1152095,1427718,1756892,1853348,1993655,2013738,2342333,2362599,2414793,2561739,2770910,3281250,3367126,3746764,4061904,4490092,4522995,5538030,4767317,5196897,4992811,6080489,5308375,5451810,6236852,5421839,5743499,5940627,5911290,6265379,5920259,6445463,6580553,6789184
128,Robledillo de la Jara,4210,6065,0,0,22558,21404,31056,25691,3346,3900,4941,4459,4156,4240,4184,4184,439,0,10588,11036,13985,11534,12964,12677,12953,12633,13963,14411,12445,13288,12053,11944,13923,11318,12283,12556,13486
129,Robledo de Chavela,0,0,0,0,0,0,0,0,0,470160,474511,477196,348334,367595,370324,398526,435236,402256,446515,402196,474514,437533,455239,444481,529984,449055,471984,547715,436397,404913,462483,448381,491182,436775,507467,492502,493820
130,Robregordo,0,0,0,0,0,0,0,0,0,0,0,0,0,0,0,0,0,0,0,0,2921,5301,3940,4609,4397,6263,2345,6466,4181,4047,4826,4303,4340,3956,4063,5006,5703
131,Rozas de Madrid (Las),2484504,1198811,3559461,4227641,4914586,5436024,5762840,4936804,4754354,5407822,5655014,5505005,5621404,6019681,6525133,7054548,7391446,7490353,8133898,8026949,8909172,7642738,7852647,7492332,8156884,8406168,7766569,7928109,7750678,7864576,8264174,8209435,8702447,8016485,8661179,8305902,8335155
132,Rozas de Puerto Real,0,0,0,0,25361,33335,179813,138151,103890,101473,129605,106806,105981,107857,117962,122142,134755,126767,132620,89722,113309,125394,82860,78907,107890,132996,124873,153807,128476,145895,166368,161159,162660,165177,149167,142309,158773
133,San Agustín del Guadalix,338548,307485,353248,400320,546956,529978,535457,577936,575671,571234,644361,664909,746282,718827,576393,552731,620616,629244,655662,657424,655331,645194,703634,750122,876520,1055894,971152,910471,878006,908868,950280,953960,1043521,880816,999951,971563,988408
134,San Fernando de Henares,2149852,0,5803387,2673309,3352559,2742514,2848217,2543734,2358464,2547032,2304730,2401739,2507080,2566080,2709770,2893436,2988991,3097914,3219100,3129176,3218876,2894397,2826509,2656190,2395555,2390095,2780314,2355483,2440940,2390768,2404086,2327008,2404380,2385085,2379218,2348275,2396490
135,San Lorenzo de El Escorial,283911,0,303387,135305,126993,145453,199531,142119,173093,223368,201363,198404,209825,244309,263947,282237,314938,327171,406578,436955,408394,309473,309197,299361,314234,330536,350527,327611,283159,283043,295029,306894,289845,273410,283930,276563,266813
136,San Martín de la Vega,0,0,0,0,0,0,0,0,0,0,0,0,0,0,0,0,877154,1418614,1429868,1576621,1709658,1716109,1660233,1561278,1646725,1331567,1380002,1477208,1193192,1227814,1272072,1325497,1431644,1445967,1573535,1415484,1491555
137,San Sebastián de los Reyes,2648637,0,2940832,2996159,3169266,3372613,3272896,3563978,3309893,3416932,3433643,3521265,3662229,3758262,4160103,4207998,4352784,4770954,4961392,4981644,5510773,4962823,5321850,5156791,5208774,6081649,5334180,5347331,5179918,5112416,5414000,5460654,5732933,5543005,5740652,5490657,5516126
138,Santa María de la Alameda,0,0,0,0,0,0,0,0,0,0,68770,157113,99370,84796,104412,100595,118017,143986,140222,137841,155055,145695,137052,142540,144185,133887,152749,153040,133164,129964,134162,128717,125477,117979,139358,148211,165938
139,Santorcaz,0,0,0,0,30750,59580,48415,52451,48635,51045,50532,70778,66529,62578,65209,65522,68675,72787,76919,75003,84688,72019,72561,69702,75913,60224,61754,67793,64705,62651,64114,61293,63725,59614,61602,65534,62042
140,Santos de la Humosa (Los),0,0,0,0,51305,84359,59816,65246,61298,68085,67187,69213,71062,68483,72068,76580,90093,90202,109372,113339,126179,109200,139901,133902,157786,130255,135485,147762,139368,132478,139404,144719,147061,138729,149611,156643,149970
141,Serna del Monte (La),3695,3375,7674,14698,22932,12297,5873,8114,5692,8784,12575,15807,15969,18928,14740,18383,20820,31117,24973,28519,35465,20694,22824,13715,14671,13532,13127,13781,10233,11809,13008,11817,14559,13393,13067,16896,15436
142,Sevilla la Nueva,0,0,0,0,0,0,0,0,0,0,0,0,0,0,0,0,0,0,10580,16177,54659,399848,613288,662633,609285,576983,671454,579625,569543,586824,606964,611872,658217,605250,631276,627181,633302
143,Soto del Real,0,0,0,0,0,163903,176671,0,0,59860,516676,193350,216223,265815,282551,590776,638172,427692,504083,616500,761616,523156,367538,317555,800074,759544,548249,433005,335079,363217,398933,337297,322793,368096,233122,227464,148801
144,Talamanca de Jarama,19438,12474,38778,44651,58982,79000,100283,153337,130339,148092,142964,134096,132331,126652,148225,147587,145618,159669,169578,173890,223169,189101,203814,210256,203049,242258,224585,228928,226460,236040,258051,250938,252942,248578,267796,263334,262369
145,Tielmes,0,0,0,0,0,0,0,0,0,0,0,0,0,0,0,133209,146692,153153,165613,164101,209212,186004,179734,191991,164424,150237,177017,158263,144777,143722,152528,150660,144067,139228,144865,142012,160110
146,Titulcia,0,0,0,0,0,0,0,0,0,0,0,0,0,0,0,53328,64178,63813,66482,65881,74282,69949,69377,69905,77356,66592,74152,84438,72361,63338,70782,75307,79294,70726,75616,82835,79503
147,Torrejón de Ardoz,8776173,10454310,6221745,5379884,7720118,9043812,8713181,8673435,7295441,7743321,7327466,7814708,8065903,7256040,7459100,7608778,7812586,7955792,8352784,7928415,9242844,7716911,7744802,7761748,8585597,7289479,7634125,8557957,7758827,7727229,7781763,7691083,8304978,7549105,8105107,7838621,8126051
148,Torrejón de Velasco,0,0,0,0,0,1565,178856,108043,150712,179757,216363,232464,259529,277795,309177,322219,153607,173968,203944,202377,234083,211309,225587,259927,217575,210714,221721,251920,200169,219761,220472,224768,229385,225170,232329,244301,259511
149,Torrejón de la Calzada,0,84297,94026,124724,150217,147783,179760,89912,86256,89483,91345,97702,99487,109185,127886,135312,348173,379264,400809,388310,443389,379708,394325,456673,390187,395350,412124,467393,368108,426700,450487,462660,497451,488565,559069,570585,559853
150,Torrelaguna,17718,0,22101,17635,17793,17681,17469,268304,238894,242360,231723,210553,218096,210790,249986,236876,247530,259112,292181,290273,288545,288133,309231,338713,283986,275287,332407,286144,269809,262205,276679,274751,279974,265101,283411,306427,282848
151,Torrelodones,833368,0,987429,949711,1232522,1940465,1615153,1533780,1377961,1633016,1735530,1767784,1862090,1988533,2192499,2308406,2427873,2546114,2638345,2604913,2879812,2537184,2598207,2543386,2715274,2536428,2516998,2421042,2296033,2306959,2411646,2392926,2506755,2255485,2505328,2455330,2454196
152,Torremocha de Jarama,36624,46062,32685,52553,23187,56608,38637,15490,15057,21101,50524,67468,87470,9953,72623,85233,79637,93935,94202,76887,96440,82503,82654,88519,88411,81545,95277,85571,86850,90405,95387,93223,96528,87927,104289,103696,103703
153,Torres de la Alameda,240937,215825,41744,145088,135063,157697,161259,250918,203387,322613,284660,285794,287323,300835,318180,344129,359872,357033,403020,424291,462594,451715,478697,464555,523378,443771,459148,521792,450264,455091,471935,465698,464717,458275,461933,462638,461531
154,Tres Cantos (4),-,-,-,-,-,-,874159,3046416,3019795,2535928,2980252,3265227,3300407,3382680,3482306,3715495,3818049,3646516,3903708,3838767,4362167,3722934,3692333,4075283,3549596,3517857,4031150,3719816,3904461,4017619,4039976,3900710,4015320,3831785,3980998,3850197,3863535
155,Valdaracete,0,0,0,0,0,0,0,0,0,0,0,0,0,0,0,33412,33513,34543,39635,37905,40311,35872,39486,43113,141319,-60186,42962,36253,36182,37654,32719,33119,33882,33013,35921,35568,38003
156,Valdeavero,0,0,0,0,0,0,0,0,0,0,0,0,0,0,0,0,12902,41970,45539,44118,50447,45638,54631,59936,71063,61187,62808,69215,61404,62563,64454,67924,68994,65576,71548,77171,77355
157,Valdelaguna,0,0,0,0,0,0,0,0,0,0,0,0,0,0,0,0,30942,52034,60013,59284,60622,55554,58097,63387,60880,57360,65734,57163,54492,51809,54077,54280,58876,55971,63416,65975,64778
158,Valdemanco,0,0,0,0,0,0,0,0,0,14133,25381,37351,43165,54162,112203,95446,52950,52248,53908,62990,61074,54752,60016,67651,67226,59421,67063,61385,53415,57180,57505,63231,64256,56599,62773,70079,69694
159,Valdemaqueda,0,0,0,0,0,0,0,0,0,0,66694,94100,75959,73184,77752,91378,94887,99865,91972,94001,132314,102044,94151,95920,93248,89414,96701,89720,81426,79506,84217,82405,85842,76773,89789,91789,90372
160,Valdemorillo,1010407,0,1182894,1188021,1506886,1580780,1526004,1420361,1261446,1486943,1524118,1539478,1591183,1482998,1693265,1700814,1772257,1839714,2119667,1967227,2220447,1788142,1738510,1850524,1987864,1721840,1788341,1873721,1684039,1777356,1890862,1709197,1846686,1602173,1826660,1768669,1739134
161,Valdemoro,0,1672029,1504152,1370691,1325784,1718225,1551761,1612330,1623678,1892841,1952107,2016127,1968291,2302276,2418329,2523474,2686984,2932106,3285816,3423049,3929914,3588066,3885435,4069233,3896579,4653834,4125982,3971071,3933310,4094599,4249679,4263315,4415121,4296778,4520721,4732812,4733116
162,Valdeolmos-Alalpardo,0,0,0,0,0,0,0,60,27163,23289,22807,24505,81955,93562,100060,94270,107419,120962,116917,125891,137159,135849,146422,165740,198442,168782,187589,201514,184545,196975,206337,225435,222657,233205,270366,284391,267334
163,Valdepiélagos,0,0,0,0,0,0,0,0,17974,23721,19896,19412,19864,20275,21247,20759,21507,21588,22559,22634,24171,21357,23062,24509,29963,34285,31332,31656,31606,30608,32134,33694,33982,32727,34349,33955,33343
164,Valdetorres de Jarama,44463,99948,104045,95083,79890,77711,93788,108239,89696,134840,161857,156268,158753,155375,164616,188616,190884,209835,234238,242806,290208,253519,266614,262385,264416,284033,249481,253282,238314,240967,252619,251116,271530,260107,285179,301586,301569
165,Valdilecha,0,0,0,0,0,0,0,0,0,0,0,0,0,0,0,97972,126683,132018,151249,148212,170834,154121,169131,171791,169530,138778,138235,156384,131011,133234,132076,136524,138896,139695,149611,159786,160538
166,Valverde de Alcalá,11392,39025,39722,41783,38131,41549,34305,45428,66324,58114,56195,65879,61655,64333,69874,75492,59668,59388,47928,45851,53323,50964,54929,58174,77217,56895,57925,38592,40569,38515,41215,34769,37445,34411,32355,34927,37938
167,Velilla de San Antonio,215130,211941,213662,305042,198321,243612,272643,349802,388277,375730,346301,394521,564501,477244,522038,238035,779007,730707,760740,784239,817772,762325,826344,751616,737224,732948,820929,697022,764706,748684,746820,745375,746618,714614,764087,794654,773975
168,Vellón (El),122428,107669,121792,106603,51858,186934,59533,78649,73820,81515,86239,82512,87751,84379,91256,92832,93914,93128,96858,96430,105907,100243,99890,102980,109232,116839,105112,105261,99869,99894,106653,109683,109756,104990,111141,119074,120157
169,Venturada,389447,346560,322859,347254,403560,385819,299575,270876,306563,405392,368434,342620,421262,438013,480810,531002,523380,512638,546538,523361,586565,467308,433723,504880,403041,422024,443843,426950,360166,363216,404759,199817,320388,262778,310464,309484,305514
170,Villaconejos,0,0,0,0,0,0,0,0,0,0,0,0,0,0,0,169437,164556,168610,170885,193570,190597,197545,185197,173745,192364,172405,186393,208026,182594,181116,170106,180063,190151,182617,181786,194110,188426
171,Villalbilla,389907,348545,400924,347390,335357,363333,398814,326074,654060,478522,504144,560731,625841,628111,578964,758435,833954,795377,811979,754182,926055,827803,785776,776310,950231,805203,884521,985732,877269,905511,1005548,1035940,1082432,1006078,1031193,1116896,1090395
172,Villamanrique de Tajo,0,0,0,0,0,0,0,0,0,0,0,0,0,0,0,51458,57335,56340,63238,58706,62226,57650,60160,62331,61766,54017,59806,53403,52007,50686,51166,50826,54381,43552,50715,54299,51269
173,Villamantilla,0,0,0,0,0,0,0,0,0,0,0,0,0,0,0,43043,41332,41417,50288,51398,58012,54625,66619,83738,86783,80482,101066,94051,89771,90225,88697,94218,103306,97978,98535,108000,106289
174,Villanueva de Perales,0,0,0,0,0,0,158673,129497,131323,145241,173696,176033,192241,224396,300813,373858,0,0,0,0,0,107184,113172,118519,117095,108202,123064,111214,109312,105439,107219,101860,99205,98348,111613,109747,107138
175,Villanueva de la Cañada,0,0,0,0,0,0,0,0,0,0,0,0,0,0,0,0,1171148,1211402,1317870,1329925,1627582,1306327,1359749,1335920,1645442,1397366,1434917,1699018,1582813,1682824,2127143,1807605,1903230,1879225,1989061,1892400,1940880
176,Villanueva del Pardillo,0,0,0,0,0,0,136495,178611,206480,233491,298325,682953,698872,763618,863858,986029,419146,508595,669671,727791,974507,883153,948681,1049422,955849,938449,944677,1046845,860662,920546,961085,966384,1016204,1017748,1052107,1072657,1059756
177,Villar del Olmo,0,0,0,0,0,0,0,0,0,0,0,0,0,0,0,160159,232323,233621,256835,248342,287488,227815,222427,214031,248909,160785,217182,201080,169222,181229,178096,164880,185635,179542,156643,183373,189107
178,Villarejo de Salvanés,0,0,0,0,0,0,0,0,0,0,0,0,0,0,0,305565,336080,356415,372310,365350,408090,375455,385638,435941,388438,373104,422805,394029,412555,405818,390865,393284,398542,390934,412021,429689,419184
179,Villaviciosa de Odón,0,0,0,0,0,0,424527,770104,753105,787711,816221,826126,892398,904329,1022194,1151462,1268450,1373768,1549477,1481543,1670010,1466940,1439280,1411073,1603018,1317346,1547393,1397794,1384212,1347945,1410545,1401437,1506556,1384819,1505097,1397486,1418294
180,Villavieja del Lozoya,0,0,0,0,0,0,0,0,11349,17877,20888,21084,21005,281,3273,11418,11945,10350,11998,11225,13451,24044,22465,20816,24423,25537,22162,22733,24149,28362,25049,24912,27502,23804,27612,30391,30164
181,Zarzalejo,0,0,0,0,0,0,0,0,0,0,72906,82872,82841,81830,88728,84773,90038,92830,101925,112247,132385,174321,169446,193309,259125,275980,301421,316929,232044,192662,269945,272016,314493,302404,314893,267475,267867
